Model,Training Time (s),Training Loss,Training Accuracy (%),Test Accuracy (%),Number of Parameters
model_1,142.59438157081604,0.20028742,91.25,82.5,10636481
model_2,146.91051626205444,0.29931116,85.0,82.5,4828481
model_3,159.16428875923157,0.3820735,81.25,82.5,4828481
model_4,693.6161398887634,0.71539545,50.625004,50.0,15763521
model_5,708.1437895298004,0.035444055,100.0,100.0,15763521
